target_chembl_id,standard_name,accession,,
CHEMBL2074,Maltase-glucoamylase,O43451,,
CHEMBL1827,Phosphodiesterase 5A,O76074,,
CHEMBL202,Dihydrofolate reductase,P00374,,
CHEMBL1809,Dihydrofolate reductase,P0ABQ4,,
CHEMBL1801,Plasminogen,P00747,,
CHEMBL1910,Adenosine deaminase,P00813,,
CHEMBL1981,Insulin receptor,P06213,,
CHEMBL208,Progesterone receptor,P06401,,
CHEMBL1968,Epoxide hydrolase 1,P07099,,
CHEMBL1839,Thyroid peroxidase,P07202,,
CHEMBL215,Arachidonate 5-lipoxygenase,P09917,,
CHEMBL1871,Androgen Receptor,P10275,,
CHEMBL2055,Retinoic acid receptor alpha,P10276,,
CHEMBL1976,Growth hormone receptor,P10912,,
CHEMBL1939,Dihydrofolate reductase,P13922,,
CHEMBL1782,Farnesyl diphosphate synthase,P14324,,
CHEMBL1973,Tyrosinase,P14679,,
CHEMBL1812,Pancreatic lipase,P16233,,
CHEMBL1963,Thyroid stimulating hormone receptor,P16473,,
CHEMBL1843,DOPA decarboxylase,P20711,,
CHEMBL1951,Monoamine oxidase A,P21397,,
CHEMBL1854,Luteinizing hormone/Choriogonadotropin receptor,P22888,,
CHEMBL2024,Follicle stimulating hormone receptor,P23945,,
CHEMBL2039,Monoamine oxidase B,P27338,,
CHEMBL226,Adenosine A1 receptor,P30542,,
CHEMBL2049,Oxytocin receptor,P30559,,
CHEMBL1804,Somatostatin receptor 2,P30874,,
CHEMBL1832,Calcitonin receptor,P30988,,
CHEMBL1861,4-hydroxyphenylpyruvate dioxygenase,P32754,,
CHEMBL1985,Glucagon receptor,P47871,,
CHEMBL1929,Xanthine dehydrogenase,P47989,,
CHEMBL241,Phosphodiesterase 3A,Q14432,,
CHEMBL1927,Thioredoxin reductase 1,Q16881,,
CHEMBL2001,Purinergic receptor P2Y12,Q9H244,,
CHEMBL2057,Dihydrofolate reductase,Q9UUP5,,
CHEMBL1798,Cysteinyl leukotriene receptor 1,Q9Y271,,
CHEMBL2016,Coagulation factor IX,P00740,,
CHEMBL244,Coagulation factor X,P00742,,
CHEMBL1817,Erythropoietin receptor,P19235,,
CHEMBL2060,Lipoprotein lipase,P06858,,
CHEMBL4618,Leukotriene A4 hydrolase,P09960,,
CHEMBL2003,Retinoic acid receptor gamma,P13631,,
CHEMBL2069,Thromboxane A2 receptor,P21731,,
CHEMBL250,Platelet activating factor receptor,P25105,,
CHEMBL251,Adenosine A2a receptor,P29274,,
CHEMBL2004,Retinoid X receptor gamma,P48443,,
CHEMBL2008,Retinoic acid receptor beta,P10826,,
CHEMBL2061,Retinoid X receptor alpha,P19793,,
CHEMBL254,Phosphodiesterase 4A,P27815,,
CHEMBL1870,Retinoid X receptor beta,P28702,,
CHEMBL255,Adenosine A2b receptor,P29275,,
CHEMBL256,Adenosine A3 receptor,P0DMS8,,
CHEMBL2581,Cathepsin D,P07339,,
CHEMBL2582,Cyclin A2,P20248,,
CHEMBL4714,Pyrimidinergic receptor P2Y6,Q15077,,
CHEMBL5136,Platelet activating factor receptor,P21556,,
CHEMBL4330,Cysteinyl leukotriene receptor 2,Q9NS75,,
CHEMBL4716,Phosphodiesterase 7B,Q9NP56,,
CHEMBL2469,Uridine-cytidine kinase 2,Q9BZX2,,
CHEMBL2447,Deoxycytidine kinase,P27707,,
CHEMBL2465,Dihydropyrimidinase,Q14117,,
CHEMBL2329,Dihydrofolate reductase,P22906,,
CHEMBL2575,Dihydrofolate reductase,P00378,,
CHEMBL2576,Dihydrofolate reductase,P07807,,
CHEMBL2978,Somatostatin receptor 2,P30680,,
CHEMBL3898,Bone morphogenetic protein 1,P13497,,
CHEMBL2081,Glutathione S-transferase Mu 1,P09488,,
CHEMBL4589,Glutathione S-transferase Mu 2,P28161,,
CHEMBL3421,Phosphodiesterase 1A,P54750,,
CHEMBL1853,Somatostatin receptor 4,P31391,,
CHEMBL4894,Galanin receptor 1,P47211,,
CHEMBL4938,Adenylate kinase 2,P54819,,
CHEMBL4939,Carboxypeptidase A2,P48052,,
CHEMBL2392,DNA polymerase beta,P06746,,
CHEMBL3143,Coagulation factor VIII,P00451,,
CHEMBL3438,Protein kinase C zeta,Q05513,,
CHEMBL2423,Glutathione S-transferase theta 1,Q01579,,
CHEMBL2429,Spermidine synthase,Q99MI5,,
CHEMBL2172,Leukotriene C4 synthase,Q925U2,,
CHEMBL4142,Fibroblast growth factor receptor 2,P21802,,
CHEMBL3650,Fibroblast growth factor receptor 1,P11362,,
CHEMBL2175,Glyoxalase I,Q9CPU0,,
CHEMBL2424,Glyoxalase I,Q04760,,
CHEMBL2131,Indolethylamine N-methyltransferase,O95050,,
CHEMBL3266,Retinoic acid receptor beta,P22605,,
CHEMBL2151,Transthyretin,P02767,,
CHEMBL2389,Adenosylhomocysteinase,P50247,,
CHEMBL2105,Polyamine oxidase,Q6QHF9,,
CHEMBL2110,Cytidine deaminase,P56389,,
CHEMBL2733,Somatostatin receptor 5,O08858,,
CHEMBL4466,Melatonin receptor 1B,P51050,,
CHEMBL2363,Dihydrofolate reductase,Q920D2,,
CHEMBL4949,Glutathione S-transferase zeta 1,O43708,,
CHEMBL2100,Glutathione S-transferase Mu 4,Q03013,,
CHEMBL4072,Cathepsin B,P07858,,
CHEMBL2101,Granzyme A,Q8CJF4,,
CHEMBL2502,Prostaglandin E synthase,Q95L14,,
CHEMBL2504,Glutathione S-transferase Mu 2,P08010,,
CHEMBL4614,Dihydrofolate reductase,P07382,,
CHEMBL3963,Dihydrofolate reductase,Q27713,,
CHEMBL2425,Dihydrofolate reductase,Q07422,,
CHEMBL2902,Dihydrofolate reductase,P00381,,
CHEMBL3565,Dihydrofolate reductase,P04174,,
CHEMBL1926,Dihydrofolate reductase,P16184,,
CHEMBL2798,Cholecystokinin A receptor,O08786,,
CHEMBL1901,Cholecystokinin A receptor,P32238,,
CHEMBL3570,Neurotensin receptor 1,O88319,,
CHEMBL2514,Neurotensin receptor 2,O95665,,
CHEMBL5106,Neurotensin receptor 2,Q63384,,
CHEMBL2517,Cathepsin F,Q9UBX1,,
CHEMBL4071,Cathepsin G,P08311,,
CHEMBL268,Cathepsin K,P43235,,
CHEMBL3034,Cathepsin K,O35186,,
CHEMBL2113,Cathepsin L,P25975,,
CHEMBL3837,Cathepsin L,P07711,,
CHEMBL2088,Carboxypeptidase A1,P15085,,
CHEMBL3572,Cholesteryl ester transfer protein,P11597,,
CHEMBL1914,Butyrylcholinesterase,P06276,,
CHEMBL2528,Butyrylcholinesterase,Q03311,,
CHEMBL2123,Pyrimidinergic receptor P2Y4,P51582,,
CHEMBL2124,Pyrimidinergic receptor P2Y4,O35811,,
CHEMBL4315,Purinergic receptor P2Y1,P47900,,
CHEMBL2497,Purinergic receptor P2Y1,P49651,,
CHEMBL3996,Oxytocin receptor,P70536,,
CHEMBL2439,Myeloperoxidase,P05164,,
CHEMBL2440,Myeloperoxidase,P11247,,
CHEMBL4425,Phosphodiesterase 1B,Q01064,,
CHEMBL3474,Phospholipase A2 group IIA,P14555,,
CHEMBL3993,Platelet activating factor receptor,Q62035,,
CHEMBL4127,Platelet activating factor receptor,P46002,,
CHEMBL2650,Phosphodiesterase 1B,Q01061,,
CHEMBL3477,Phosphodiesterase 2A,P14099,,
CHEMBL2652,Phosphodiesterase 2A,O00408,,
CHEMBL4650,Phosphodiesterase 2A,Q01062,,
CHEMBL4964,Phosphodiesterase 4A,P54748,,
CHEMBL275,Phosphodiesterase 4B,Q07343,,
CHEMBL3382,Phosphodiesterase 4B,P14646,,
CHEMBL2712,Phosphodiesterase 4D,P14270,,
CHEMBL3478,Phosphodiesterase 5A,Q28156,,
CHEMBL3479,Phosphodiesterase 6C,P16586,,
CHEMBL2114,Adenosine A1 receptor,P49892,,
CHEMBL2115,Adenosine A2a receptor,Q60613,,
CHEMBL4571,Neuropeptide FF receptor 1,Q9EP86,,
CHEMBL3425,Neuropeptide FF receptor 2,Q9EQD2,,
CHEMBL3913,Complement C1s,P09871,,
CHEMBL3201,Aryl hydrocarbon receptor,P35869,,
CHEMBL3254,Monoamine oxidase A,P21398,,
CHEMBL2398,Apelin receptor,Q9JHG3,,
CHEMBL3255,Activating transcription factor 1,P18846,,
CHEMBL3043,Tyrosine aminotransferase,P17735,,
CHEMBL3080,Chitinase 1,Q13231,,
CHEMBL3858,Carnitine palmitoyltransferase 1A,P32198,,
CHEMBL3238,Carnitine palmitoyltransferase 2,P23786,,
CHEMBL4983,Transketolase,P29401,,
CHEMBL4985,Fucosyltransferase 9,Q9Y231,,
CHEMBL3726,Thymidine phosphorylase,P07650,,
CHEMBL3187,Insulin receptor,P15208,,
CHEMBL4811,Uridine phosphorylase 1,Q16831,,
CHEMBL3032,Protein kinase N2,Q16513,,
CHEMBL2536,Phospholipase D1,Q13393,,
CHEMBL2846,Inositol 1,4,5-trisphosphate receptor type 3,Q63269
CHEMBL3191,Leukotriene B4 receptor 2,Q9NPC1,,
CHEMBL3192,Histone deacetylase 8,Q9BY41,,
CHEMBL4867,Purinergic receptor P2Y11,Q96G91,,
CHEMBL2560,Protein kinase C delta,P28867,,
CHEMBL3633,Protein kinase C delta,P09215,,
CHEMBL3582,Protein kinase C epsilon,Q02156,,
CHEMBL3424,Protein kinase C epsilon,P09216,,
CHEMBL2938,Protein kinase C gamma,P05129,,
CHEMBL2596,Progesterone receptor,Q63449,,
CHEMBL4869,Prion protein,P04156,,
CHEMBL3023,Sphingosine kinase 2,Q9NRA0,,
CHEMBL2598,Protein kinase C iota,P41743,,
CHEMBL2957,Plasminogen,P06868,,
CHEMBL4617,Phenylethanolamine N-methyltransferase,P11086,,
CHEMBL4874,Phenylethanolamine N-methyltransferase,P40935,,
CHEMBL5100,Kynureninase,Q16719,,
CHEMBL2554,Selectin E,P98105,,
CHEMBL4925,Adenylate kinase 1,P00568,,
CHEMBL5103,Histone deacetylase 10,Q969S8,,
CHEMBL2456,Luteinizing hormone/Choriogonadotropin receptor,P16235,,
CHEMBL2460,Prolyl endopeptidase,Q9XTA2,,
CHEMBL4935,Prolyl endopeptidase,Q9QUR6,,
CHEMBL2461,Prolyl endopeptidase,P23687,,
CHEMBL3042,Protein kinase C beta,P68404,,
CHEMBL2606,Thymidine phosphorylase,Q99N42,,
CHEMBL2249,Lysyl oxidase,P28300,,
CHEMBL3636,Neuromedin B receptor,P28336,,
CHEMBL2188,Purinergic receptor P2Y12,Q9EPX4,,
CHEMBL4274,Mevalonate kinase,P17256,,
CHEMBL2196,Uridine-cytidine kinase 1,P52623,,
CHEMBL2203,Motilin receptor,O43193,,
CHEMBL2204,Calcitonin receptor,P32214,,
CHEMBL1945,Melatonin receptor 1A,P48039,,
CHEMBL1946,Melatonin receptor 1B,P49286,,
CHEMBL4773,Glucagon receptor,Q61606,,
CHEMBL4720,Glucagon receptor,P30082,,
CHEMBL4307,Granzyme A,P12544,,
CHEMBL3172,Dihydropyrimidine dehydrogenase,Q12882,,
CHEMBL4959,Gastrin releasing peptide receptor,P30550,,
CHEMBL3596,Gastrin releasing peptide receptor,P21729,,
CHEMBL4619,Phosphodiesterase 1C,Q14123,,
CHEMBL3102,Dopamine beta-hydroxylase,P09172,,
CHEMBL4001,Histone deacetylase 1,O09106,,
CHEMBL1937,Histone deacetylase 2,Q92769,,
CHEMBL1829,Histone deacetylase 3,O15379,,
CHEMBL286,Renin,P00797,,
CHEMBL2615,Renin,P06281,,
CHEMBL2766,Ectonucleoside triphosphate diphosphohydrolase 1,O18956,,
CHEMBL2767,Ectonucleoside triphosphate diphosphohydrolase 1,P97687,,
CHEMBL3524,Histone deacetylase 4,P56524,,
CHEMBL2768,Histone deacetylase 5,Q9Z2V6,,
CHEMBL2878,Histone deacetylase 6,Q9Z2V5,,
CHEMBL4242,Somatostatin receptor 1,P30873,,
CHEMBL4244,Legumain,Q99538,,
CHEMBL3741,Phosphodiesterase 6A,P11541,,
CHEMBL4652,Somatostatin receptor 1,P28646,,
CHEMBL2028,Somatostatin receptor 3,P32745,,
CHEMBL2238,Somatostatin receptor 3,P30935,,
CHEMBL3340,Somatostatin receptor 3,P30936,,
CHEMBL1792,Somatostatin receptor 5,P35346,,
CHEMBL2242,Glutathione S-transferase Mu 3,P21266,,
CHEMBL2819,Glutathione S-transferase Mu 5,P46439,,
CHEMBL2820,Coagulation factor XI,P03951,,
CHEMBL2821,Coagulation factor XII,P00748,,
CHEMBL1865,Histone deacetylase 6,Q9UBN7,,
CHEMBL2546,Heme oxygenase 2,P30519,,
CHEMBL2190,Histamine N-methyltransferase,P50135,,
CHEMBL2823,Heme oxygenase 1,P09601,,
CHEMBL3839,Fibroblast growth factor receptor 4,Q03142,,
CHEMBL2686,Tryptophan 2,3-dioxygenase,P21643,
CHEMBL2140,Tryptophan 2,3-dioxygenase,P48775,
CHEMBL288,Phosphodiesterase 4D,Q08499,,
CHEMBL3977,Phosphodiesterase 6C,P51160,,
CHEMBL2141,Glutathione S-transferase theta 1,P30711,,
CHEMBL3618,Coagulation factor V,P12259,,
CHEMBL290,Phosphodiesterase 3B,Q13370,,
CHEMBL291,Phosphodiesterase 4C,Q08493,,
CHEMBL4177,Retinoic acid receptor gamma,P18911,,
CHEMBL2275,Sorbitol dehydrogenase,Q00796,,
CHEMBL2570,Deoxycytidine kinase,P43346,,
CHEMBL4230,DOPA decarboxylase,O88533,,
CHEMBL2841,DOPA decarboxylase,P80041,,
CHEMBL4232,Spermidine synthase,P19623,,
CHEMBL4026,Signal transducer and activator of transcription 3,P40763,,
CHEMBL3176,Galanin receptor 2,O43603,,
CHEMBL2145,Kynurenine 3-monooxygenase,O15229,,
CHEMBL3180,Carboxylesterase 2,O00748,,
CHEMBL3878,Phosphodiesterase 6A,P16499,,
CHEMBL3890,Selectin E,P16581,,
CHEMBL298,Cholecystokinin B receptor,P32239,,
CHEMBL2854,Cholecystokinin B receptor,P56481,,
CHEMBL2720,Cholecystokinin B receptor,P79266,,
CHEMBL2954,Cathepsin S,P25774,,
CHEMBL4158,Fatty acid synthase,P49327,,
CHEMBL4051,Cystic fibrosis transmembrane conductance regulator,P13569,,
CHEMBL4061,Dihydrolipoamide dehydrogenase,P09623,,
CHEMBL2223,Gamma-glutamyl hydrolase,Q92820,,
CHEMBL3084,Retinoid X receptor alpha,P28700,,
CHEMBL4431,Retinoid X receptor alpha,Q05343,,
CHEMBL2225,Cathepsin H,P09668,,
CHEMBL4702,Dopamine beta-hydroxylase,P15101,,
CHEMBL2992,Dopamine beta-hydroxylase,Q05754,,
CHEMBL4047,Retinoid X receptor beta,P28704,,
CHEMBL3061,Phosphodiesterase 3A,Q9XSW7,,
CHEMBL4062,Calpain 1,P35750,,
CHEMBL4063,Esterase D,Q9GJT2,,
CHEMBL4064,Kallikrein 1,O97506,,
CHEMBL3203,4-hydroxyphenylpyruvate dioxygenase,Q02110,,
CHEMBL3616,Protein kinase C eta,P24723,,
CHEMBL3117,Choline kinase alpha,P35790,,
CHEMBL299,Protein kinase C alpha,P17252,,
CHEMBL3045,Protein kinase C beta,P05771,,
CHEMBL3384,Protein kinase N1,Q16512,,
CHEMBL3921,Heparanase,Q9Y251,,
CHEMBL3923,Nischarin,Q9Y2I1,,
CHEMBL2386,Chymotrypsin C,Q99895,,
CHEMBL2382,Calpain 2,P17655,,
CHEMBL4992,Protein kinase C eta,P23298,,
CHEMBL2792,Retinoic acid receptor alpha,P11416,,
CHEMBL3092,Cathepsin E,P14091,,
CHEMBL3106,Thymidine phosphorylase,P19971,,
CHEMBL302,Adenosine A2a receptor,P30543,,
CHEMBL4050,FK506 binding protein 4,Q02790,,
CHEMBL4996,Fucosyltransferase 4,P22083,,
CHEMBL3146,Fucosyltransferase 5,Q11128,,
CHEMBL2969,Kynureninase,P70712,,
CHEMBL4145,Histone deacetylase 9,Q9UKV0,,
CHEMBL3688,Adenosine A1 receptor,Q60612,,
CHEMBL4046,Inositol 1,4,5-trisphosphate receptor type 1,Q14643
CHEMBL2237,Adenosine A2b receptor,Q60614,,
CHEMBL3904,Inositol 1,4,5-trisphosphate receptor type 3,Q14573
CHEMBL3457,Kynurenine 3-monooxygenase,O88867,,
CHEMBL3119,Transient receptor potential cation channel subfamily V member 4,Q9HBA0,,
CHEMBL4066,Fibroblast growth factor receptor 3,Q61851,,
CHEMBL3738,Leukotriene A4 hydrolase,P24527,,
CHEMBL2708,Mitogen-activated protein kinase kinase kinase 11,Q16584,,
CHEMBL2873,Mitogen-activated protein kinase kinase kinase 10,Q02779,,
CHEMBL4394,Sphingosine kinase 1,Q9NYA1,,
CHEMBL4965,7-dehydrocholesterol reductase,Q9Z2Z8,,
CHEMBL4397,Somatostatin receptor 4,P49660,,
CHEMBL4398,Purinergic receptor P2Y2,P41231,,
CHEMBL3012,Phosphodiesterase 7A,Q13946,,
CHEMBL4035,Prolyl endopeptidase,O70196,,
CHEMBL3403,Butyrylcholinesterase,Q9JKC1,,
CHEMBL3973,Fibroblast growth factor receptor 4,P22455,,
CHEMBL2742,Fibroblast growth factor receptor 3,P22607,,
CHEMBL2269,Retinoic acid receptor alpha,Q499N1,,
CHEMBL3686,Phospholipase A2 group IIA,P14423,,
CHEMBL2734,Phospholipase D2,O14939,,
CHEMBL3202,Prolyl endopeptidase,P48147,,
CHEMBL2748,Sucrase-isomaltase,P14410,,
CHEMBL3991,Coagulation factor VII,P08709,,
CHEMBL2272,Phosphodiesterase 4B,Q8VBU5,,
CHEMBL2775,Transient receptor potential cation channel subfamily V member 4,Q9ERZ8,,
CHEMBL3310,Histone deacetylase 11,Q96DB2,,
CHEMBL2738,Acrosin,P10323,,
CHEMBL2777,myosin light chain kinase 2,Q9H1R3,,
CHEMBL2872,Mitogen-activated protein kinase kinase kinase 9,P80192,,
CHEMBL2376,Adenylate kinase 2,P29410,,
CHEMBL2903,Arachidonate 15-lipoxygenase,P16050,,
CHEMBL3258,Leucyl-tRNA synthetase,Q9P2J5,,
CHEMBL3241,Histamine N-methyltransferase,Q01984,,
CHEMBL3261,Inositol-trisphosphate 3-kinase A,P17105,,
CHEMBL3050,Monoamine oxidase B,Q8BW75,,
CHEMBL2322,Renin,P08424,,
CHEMBL3020,Protein kinase C beta,P68403,,
CHEMBL2298,Isoprenylcysteine carboxyl methyltransferase,Q9WVM4,,
CHEMBL2966,Adenosine deaminase,P56658,,
CHEMBL3649,Xanthine dehydrogenase,P80457,,
CHEMBL2323,Cathepsin B,P07688,,
CHEMBL312,Arachidonate 5-lipoxygenase,P12527,,
CHEMBL2299,Epoxide hydrolase 1,P07687,,
CHEMBL3360,Adenosine A3 receptor,P28647,,
CHEMBL3114,Sucrase-isomaltase,P23739,,
CHEMBL2331,Phenylethanolamine N-methyltransferase,P10938,,
CHEMBL3214,Beta-1,4-galactosyltransferase 1,P08037,
CHEMBL2756,Monoamine oxidase B,P56560,,
CHEMBL2305,Cathepsin L,P07154,,
CHEMBL2993,Monoamine oxidase B,P19643,,
CHEMBL3216,Carnitine palmitoyltransferase 1B,Q63704,,
CHEMBL2996,Protein kinase C delta,Q05655,,
CHEMBL4822,Beta-secretase 1,P56817,,
CHEMBL2853,Inositol 1,4,5-trisphosphate receptor type 3,Q8WN95
CHEMBL2213,Protein kinase C alpha,P04409,,
CHEMBL4975,Adenosine A1 receptor,P28190,,
CHEMBL3956,Mitogen-activated protein kinase kinase kinase 1,Q13233,,
CHEMBL2563,Histone deacetylase 5,Q9UQL6,,
CHEMBL2215,Purine nucleoside phosphorylase,P23492,,
CHEMBL2217,Carboxylesterase 2,Q91WG0,,
CHEMBL2630,Retinoic acid receptor gamma,D3ZWV0,,
CHEMBL3101,Histone deacetylase 6,Q99P97,,
CHEMBL4277,Retinoid X receptor gamma,Q5BJR8,,
CHEMBL3388,Ryanodine receptor 2,B0LPN4,,
CHEMBL3391,Threonyl-tRNA synthetase,P26639,,
CHEMBL4564,Dihydrofolate reductase,P00375,,
CHEMBL3960,Fibroblast growth factor receptor 1,P16092,,
CHEMBL3722,Glutathione S-transferase Mu 1,P10649,,
CHEMBL2716,Histone deacetylase 7,Q8WUI4,,
CHEMBL2717,Phosphodiesterase 11A,Q9HCR9,,
CHEMBL3992,Cystic fibrosis transmembrane conductance regulator,P34158,,
CHEMBL3358,Monoamine oxidase A,P21396,,
CHEMBL2855,Protein kinase C alpha,P05696,,
CHEMBL3408,Polyamine oxidase,Q8C0L6,,
CHEMBL3846,Phosphodiesterase 4D,Q01063,,
CHEMBL2209,Glutathione S-transferase Mu 1,P04905,,
CHEMBL4038,Sorbitol dehydrogenase,P27867,,
CHEMBL3156,Thromboxane A2 receptor,P34978,,
CHEMBL2566,Melatonin receptor 1B,P49287,,
CHEMBL2915,Histone deacetylase 1,Q4QQW4,,
CHEMBL2567,Protein kinase C alpha,P20444,,
CHEMBL4565,DNA polymerase beta,Q8K409,,
CHEMBL2545,Selectin E,Q00690,,
CHEMBL4343,DNA polymerase beta,P06766,,
CHEMBL318,Adenosine A1 receptor,P25099,,
CHEMBL3118,Adenosylhomocysteinase,P10760,,
CHEMBL2863,Transient receptor potential cation channel subfamily V member 2,Q9WUD2,,
CHEMBL3300,Ectonucleoside triphosphate diphosphohydrolase 2,O35795,,
CHEMBL2923,Phosphodiesterase 8A,Q76KC6,,
CHEMBL2316,Granzyme B,P10144,,
CHEMBL2916,Telomerase reverse transcriptase,O14746,,
CHEMBL3604,Protein kinase C gamma,P63319,,
CHEMBL3304,Progesterone receptor,P07812,,
CHEMBL4280,Gastrin releasing peptide receptor,P52500,,
CHEMBL4567,Phosphodiesterase 5A,O54735,,
CHEMBL3920,Protein kinase C theta,Q04759,,
CHEMBL3731,Amphiregulin,P15514,,
CHEMBL4338,Purine nucleoside phosphorylase,P00491,,
CHEMBL325,Histone deacetylase 1,Q13547,,
CHEMBL2500,Thiopurine S-methyltransferase,P51580,,
CHEMBL3194,Transthyretin,P02766,,
CHEMBL3773,Adenylate kinase 1,P39069,,
CHEMBL2347,Histone deacetylase 8,Q8VH37,,
CHEMBL4746,FK506 binding protein 3,Q00688,,
CHEMBL1917,Somatostatin receptor 1,P30872,,
CHEMBL4318,Somatostatin receptor 5,P30938,,
CHEMBL4402,Retinoid X receptor gamma,P28705,,
CHEMBL4403,Ryanodine receptor 2,Q92736,,
CHEMBL2664,Adenosylhomocysteinase,P23526,,
CHEMBL4434,Heme oxygenase 1,P14901,,
CHEMBL3204,Plasminogen,Q01177,,
CHEMBL4440,Neuromedin B receptor,P24053,,
CHEMBL2871,Cholecystokinin A receptor,P30551,,
CHEMBL3056,Androgen Receptor,P19091,,
CHEMBL3072,Androgen Receptor,P15207,,
CHEMBL4443,Fucosyltransferase 6,P51993,,
CHEMBL4323,Phospholipase A2 group V,P39877,,
CHEMBL2592,Adenosine A2b receptor,P29276,,
CHEMBL2731,Galanin receptor 3,O60755,,
CHEMBL4123,Neurotensin receptor 1,P30989,,
CHEMBL3681,Monoamine oxidase A,Q64133,,
CHEMBL2602,Cathepsin B,P00787,,
CHEMBL2644,Carboxypeptidase A4,Q9UI42,,
CHEMBL3481,Carboxypeptidase A1,P00730,,
CHEMBL4502,Cytidine deaminase,P32320,,
CHEMBL4037,Carnitine palmitoyltransferase 2,P18886,,
CHEMBL3891,Calpain 1,P07384,,
CHEMBL4627,Myosin light chain kinase,Q32MK0,,
CHEMBL2319,Kallikrein 1,P06870,,
CHEMBL2539,Deoxyhypusine synthase,Q6AY53,,
CHEMBL3359,Formyl peptide receptor 1,P21462,,
CHEMBL4888,Dihydrofolate reductase,Q8Z9J9,,
CHEMBL3206,Adenosine deaminase,P03958,,
CHEMBL3207,Somatostatin receptor 2,P30875,,
CHEMBL3718,Uridine phosphorylase 1,P52624,,
CHEMBL4491,Glutathione S-transferase kappa 1,Q9Y2Q3,,
CHEMBL3774,Phosphodiesterase 1A,P14100,,
CHEMBL4428,Prostaglandin I2 synthase,Q16647,,
CHEMBL3508,Cholecystokinin B receptor,P30553,,
CHEMBL3853,Dihydrofolate reductase,P31074,,
CHEMBL4012,Dihydrofolate reductase,Q59487,,
CHEMBL3953,Androgen Receptor,Q5EM59,,
CHEMBL3445,Glucose-6-phosphate dehydrogenase,Q5EM56,,
CHEMBL2603,Adenosine A3 receptor,O02667,,
CHEMBL3971,Glycerol-3-phosphate dehydrogenase,O35077,,
CHEMBL3333,Phosphodiesterase 4A,O77823,,
CHEMBL3656,Coagulation factor X,P00743,,
CHEMBL3456,Progesterone receptor,P06186,,
CHEMBL3064,Lipoprotein lipase,P11151,,
CHEMBL3027,Neurotensin receptor 1,P20789,,
CHEMBL2804,Inositol 1,4,5-trisphosphate receptor type 1,P29994
CHEMBL3947,Adenosine A1 receptor,P34970,,
CHEMBL4143,Calpain 2,P43367,,
CHEMBL2605,Adenosine A2a receptor,P46616,,
CHEMBL5211,Arachidonate 5-lipoxygenase,P48999,,
CHEMBL2805,Retinoid X receptor beta,P49743,,
CHEMBL2935,Purine nucleoside phosphorylase,P55859,,
CHEMBL4106,Cathepsin D,P80209,,
CHEMBL3533,Coagulation factor XII,P98140,,
CHEMBL3612,Calpain 2,Q27971,,
CHEMBL3501,Cholecystokinin A receptor,Q63931,,
CHEMBL3653,Cytidine deaminase,Q70AG6,,
CHEMBL2980,Arachidonate 5-lipoxygenase,Q9BEG3,,
CHEMBL2981,Carnitine palmitoyltransferase 1A,Q9MYX2,,
CHEMBL4731,Hydroxycarboxylic acid receptor 2,Q80Z39,,
CHEMBL4415,Deoxyhypusine synthase,P49366,,
CHEMBL2400,Leukotriene A4 hydrolase,P30349,,
CHEMBL4651,Prostaglandin D2 synthase,O02853,,
CHEMBL4020,Ryanodine receptor 2,Q8WN72,,
CHEMBL5129,Phosphodiesterase 3B,E1BN64,,
CHEMBL4288,Follicle stimulating hormone receptor,P20395,,
CHEMBL2011,Fatty acid synthase,P95029,,
CHEMBL3924,Dual specificity phosphatase 22,Q9NRW4,,
CHEMBL4725,Aryl hydrocarbon receptor,O02747,,
CHEMBL4196,Dimethylarginine dimethylaminohydrolase 1,O08557,,
CHEMBL5062,Coagulation factor X,O19045,,
CHEMBL3535,Phosphodiesterase 9A,O76083,,
CHEMBL3929,Coagulation factor X,O77669,,
CHEMBL5035,Heme oxygenase 1,P06762,,
CHEMBL4358,Arachidonate 15-lipoxygenase,P12530,,
CHEMBL5064,Folate receptor beta,P14207,,
CHEMBL3348,Heme oxygenase 2,P23711,,
CHEMBL3349,Cathepsin K,P43236,,
CHEMBL3747,Calpain 1,P97571,,
CHEMBL3755,Coagulation factor X,Q63207,,
CHEMBL5077,Butyrylcholinesterase,Q9N1N9,,
CHEMBL3836,LIM domain kinase 1,P53667,,
CHEMBL5285,Mitogen-activated protein kinase kinase kinase 5,Q99683,,
CHEMBL4852,Mitogen-activated protein kinase kinase kinase kinase 5,Q9Y4K4,,
CHEMBL4853,Mitogen-activated protein kinase kinase kinase 4,Q9Y6R4,,
CHEMBL1998,Synaptic vesicle glycoprotein 2A,Q7L0J3,,
CHEMBL4640,Phosphodiesterase 8A,O60658,,
CHEMBL4408,Phosphodiesterase 8B,O95263,,
CHEMBL4409,Phosphodiesterase 10A,Q9Y233,,
CHEMBL4485,Histamine N-methyltransferase,Q9EST2,,
CHEMBL5457,Dihydrofolate reductase,O30463,,
CHEMBL5165,Inositol-trisphosphate 3-kinase B,P27987,,
CHEMBL3638,RAS guanyl releasing protein 3,Q8IV61,,
CHEMBL4969,Progesterone receptor,Q00175,,
CHEMBL4917,Complement C3,P01024,,
CHEMBL5206,Lysozyme,P00720,,
CHEMBL4683,Fibroblast activation protein alpha,Q12884,,
CHEMBL4191,Monoglyceride lipase,Q99685,,
CHEMBL4411,Prostaglandin E synthase 2,Q9H7Z7,,
CHEMBL3698,Prion protein,P04925,,
CHEMBL4256,Sterol-C5-desaturase,O93875,,
CHEMBL5595,Cholecystokinin B receptor,P30552,,
CHEMBL4383,Gastric inhibitory polypeptide receptor,P48546,,
CHEMBL4384,Beta-1,4-galactosyltransferase 1,P15291,
CHEMBL4385,Isoprenylcysteine carboxyl methyltransferase,P32584,,
CHEMBL5142,Histone deacetylase 3,O88895,,
CHEMBL4899,Mitogen-activated protein kinase kinase kinase 8,P41279,,
CHEMBL4366,Protein kinase C epsilon,P16054,,
CHEMBL4419,Purinergic receptor P2Y2,P41232,,
CHEMBL4420,Hydroxycarboxylic acid receptor 2,Q9EP66,,
CHEMBL4422,Free fatty acid receptor 1,O14842,,
CHEMBL4460,Serine racemase,Q9GZT4,,
CHEMBL4508,Glutaminyl-peptide cyclotransferase,Q16769,,
CHEMBL4512,Fatty acid synthase,Q965D7,,
CHEMBL4752,Farnesyl diphosphate synthase,Q8WS26,,
CHEMBL3785,Hydroxycarboxylic acid receptor 2,Q8TDS4,,
CHEMBL3545,Alpha-L-fucosidase 1,Q2KIM0,,
CHEMBL4167,Phospholipase A2 group V,P97391,,
CHEMBL4593,Beta-secretase 1,P56818,,
CHEMBL4698,Malonyl-CoA decarboxylase,O95822,,
CHEMBL4098,Cathepsin S,O70370,,
CHEMBL3318,Tyrosinase,O42713,,
CHEMBL4211,Carbonic anhydrase 1,O24855,,
CHEMBL5172,Endo-beta-N-acetylglucosaminidase,Q8NFI3,,
CHEMBL4160,Cathepsin Z,Q9UBR2,,
CHEMBL4699,Isoprenylcysteine carboxyl methyltransferase,O60725,,
CHEMBL3783,Fatty acid synthase,P12785,,
CHEMBL3321,Monoglyceride lipase,Q8R431,,
CHEMBL3327,Dihydrofolate reductase,Q27552,,
CHEMBL3328,Deoxyuridine triphosphatase,Q4DI50,,
CHEMBL3543,Pyrimidinergic receptor P2Y6,Q63371,,
CHEMBL4668,Purine nucleoside phosphorylase,Q2HXR2,,
CHEMBL5198,Mitogen-activated protein kinase 15,Q8TD08,,
CHEMBL4518,Purinergic receptor P2Y14,Q15391,,
CHEMBL4578,Maternal embryonic leucine zipper kinase,Q14680,,
CHEMBL5411,Free fatty acid receptor 1,Q76JU9,,
CHEMBL5201,Free fatty acid receptor 3,O14843,,
CHEMBL5493,Free fatty acid receptor 2,O15552,,
CHEMBL5233,Mitogen-activated protein kinase 1,P63086,,
CHEMBL5322,Deoxyguanosine kinase,Q0H0G8,,
CHEMBL5365,DNA polymerase kappa,Q9UBT6,,
CHEMBL5367,DNA polymerase lambda,Q9UGP5,,
CHEMBL5289,DNA nucleotidylexotransferase,P06526,,
CHEMBL5330,Mitogen-activated protein kinase kinase kinase kinase 2,Q12851,,
CHEMBL5332,Mitogen-activated protein kinase 7,Q13164,,
CHEMBL5338,Ectonucleoside triphosphate diphosphohydrolase 8,Q5MY95,,
CHEMBL5391,DNA polymerase iota,Q9UNA4,,
CHEMBL5421,Fatty acid-binding protein, liver,P07148,
CHEMBL5469,Protein tyrosine kinase 2 beta,Q14289,,
CHEMBL5503,Nuclear receptor subfamily 1 group I member 3,Q14994,,
CHEMBL5504,Galanin receptor 1,Q62805,,
CHEMBL5507,Proprotein convertase subtilisin/kexin type 6,Q63415,,
CHEMBL5510,Mitogen-activated protein kinase 3,Q63844,,
CHEMBL5542,DNA polymerase eta,Q9Y253,,
CHEMBL5575,Lysyl-tRNA synthetase,Q15046,,
CHEMBL5043,Endoplasmic reticulum aminopeptidase 2,Q6P179,,
CHEMBL5045,Signal transducer and activator of transcription 1,Q6P6Q7,,
CHEMBL5048,Neutral cholesterol ester hydrolase 1,Q6PIU2,,
CHEMBL5049,Ectonucleoside triphosphate diphosphohydrolase 2,Q9Y5L3,,
CHEMBL5051,Transient receptor potential cation channel subfamily V member 2,Q9Y5S1,,
CHEMBL5087,Fatty acid desaturase 2,Q9Z0R9,,
CHEMBL5088,Fatty acid desaturase 2,Q9Z122,,
CHEMBL5093,Ribokinase,P0A9J6,,
CHEMBL5121,Mitogen-activated protein kinase 6,Q16659,,
CHEMBL5159,DNA polymerase iota,Q6R3M4,,
CHEMBL5160,Transient receptor potential cation channel subfamily A member 1,Q6RI86,,
CHEMBL5187,Cathepsin B,P10605,,
CHEMBL5221,Nischarin,Q4G017,,
CHEMBL5227,Hydroxysteroid 11-beta dehydrogenase 1,Q56D22,,
CHEMBL5270,Dihydrofolate reductase,Q81R22,,
CHEMBL5299,Histamine receptor H3,Q865E1,,
CHEMBL5306,Motilin receptor,A5A4K8,,
CHEMBL5346,Tyrosinase,P11344,,
CHEMBL5400,Aryl hydrocarbon receptor,P41738,,
CHEMBL5401,Signal transducer and activator of transcription 6,P42226,,
CHEMBL5402,Signal transducer and activator of transcription 3,P42227,,
CHEMBL5426,Myosin light chain kinase family member 4,Q86YV6,,
CHEMBL5428,Neutral cholesterol ester hydrolase 1,Q8BLF1,,
CHEMBL5432,Mitogen-activated protein kinase kinase kinase kinase 3,Q8IVH8,,
CHEMBL5436,Squalene epoxidase,A7L861,,
CHEMBL5479,Hepatocyte growth factor,P14210,,
CHEMBL5486,Insulin receptor,P15127,,
CHEMBL5514,Huntingtin,P42858,,
CHEMBL5522,Transient receptor potential cation channel subfamily V member 3,Q8NET8,,
CHEMBL5546,Myosin IIIA,Q8NEV4,,
CHEMBL5548,Prokineticin receptor 2,Q8NFJ6,,
CHEMBL5557,Potassium voltage-gated channel subfamily H member 2,O08703,,
CHEMBL5577,Galanin receptor 2,O08726,,
CHEMBL5588,Prolactin receptor,P16471,,
CHEMBL4999,Aldo-keto reductase family 1 member C4,P17516,,
CHEMBL5001,Gastric inhibitory polypeptide receptor,P43219,,
CHEMBL5002,Nuclear receptor subfamily 4 group A member 2,P43354,,
CHEMBL5009,Sphingosine-1-phosphate lyase 1,Q8R0X7,,
CHEMBL5011,Transient receptor potential cation channel subfamily M member 8,Q8R455,,
CHEMBL5648,Purine nucleoside phosphorylase,Q8T9Z7,,
CHEMBL5649,Prokineticin receptor 1,Q8TCW9,,
CHEMBL5653,Solute carrier family 22 member 6,Q8VC69,,
CHEMBL5655,Alpha-N-acetylgalactosaminidase,Q90744,,
CHEMBL5658,Prostaglandin E synthase,O14684,,
CHEMBL5685,Solute carrier family 22 member 1,O15245,,
CHEMBL5694,DNA ligase 1,P18858,,
CHEMBL5717,5-hydroxytryptamine receptor 1B,P49144,,
CHEMBL5718,Mitogen-activated protein kinase 8,P49185,,
CHEMBL5722,Ectonucleoside triphosphate diphosphohydrolase 1,P49961,,
CHEMBL5725,Fatty acid desaturase 1,Q920L1,,
CHEMBL5727,Fatty acid desaturase 1,Q920R3,,
CHEMBL5747,CREB-binding protein,Q92793,,
CHEMBL5749,Mitogen-activated protein kinase kinase kinase kinase 1,Q92918,,
CHEMBL5774,Monoglyceride lipase,O35678,,
CHEMBL5776,Mitogen-activated protein kinase kinase kinase 7,O43318,,
CHEMBL5781,5-hydroxytryptamine receptor 2A,O46635,,
CHEMBL5809,Mitogen-activated protein kinase 3,P21708,,
CHEMBL5817,Signal transducer and activator of transcription 5B,P51692,,
CHEMBL5847,Aldo-keto reductase family 1 member C2,P52895,,
CHEMBL5852,Pyroglutamylated RFamide peptide receptor,Q96P65,,
CHEMBL5853,Diacylglycerol O-acyltransferase 2,Q96PD7,,
CHEMBL5886,Seryl-tRNA synthetase,Q97SG0,,
CHEMBL5887,D-aspartate oxidase,Q99489,,
CHEMBL5888,Mitogen-activated protein kinase kinase kinase 14,Q99558,,
CHEMBL5893,Ribonuclease H1,O60930,,
CHEMBL5897,Ectonucleoside triphosphate diphosphohydrolase 3,O75355,,
CHEMBL5898,Lactoperoxidase,P22079,,
CHEMBL5932,LIM domain kinase 2,P53671,,
CHEMBL5933,NAD-dependent deacetylase HST2,P53686,,
CHEMBL5962,Phospholipid transfer protein,P55058,,
CHEMBL5968,Lysophosphatidic acid receptor 4,Q99677,,
CHEMBL5970,Mitogen-activated protein kinase kinase kinase 3,Q99759,,
CHEMBL6007,Transient receptor potential cation channel subfamily A member 1,O75762,,
CHEMBL6009,Diacylglycerol O-acyltransferase 1,O75907,,
CHEMBL6043,Prolyl endopeptidase,P27028,,
CHEMBL6126,Transient receptor potential cation channel subfamily V member 4,Q9EPK8,,
CHEMBL6129,Diacylglycerol O-acyltransferase 1,Q9ERM3,,
CHEMBL5622,Cathepsin G,P28293,,
CHEMBL5669,Epoxide hydrolase 2,P80299,,
CHEMBL5700,Lysophosphatidic acid receptor 5,Q9H1C0,,
CHEMBL5707,Solute carrier family 28 member 3,Q9HAS3,,
CHEMBL5731,Complement factor B,P00751,,
CHEMBL5736,Glucagon,P01275,,
CHEMBL5738,Fatty acid-binding protein, liver,P02692,
CHEMBL5739,Rhodopsin,P02699,,
CHEMBL5742,Translocator protein,P30536,,
CHEMBL5759,Mitogen-activated protein kinase 4,P31152,,
CHEMBL5803,Spermidine synthase,Q9NFS5,,
CHEMBL5829,Angiogenin,P03950,,
CHEMBL5861,G protein-coupled receptor kinase 4,P32298,,
CHEMBL5863,4-hydroxyphenylpyruvate dioxygenase,P32755,,
CHEMBL5900,Choline O-acetyltransferase,Q03059,,
CHEMBL5905,Aldo-keto reductase family 1 member C1,Q04828,,
CHEMBL5906,Lipoprotein lipase,Q06000,,
CHEMBL5939,Endoplasmic reticulum aminopeptidase 1,Q9NZ08,,
CHEMBL5947,Tyrosine aminotransferase,P04694,,
CHEMBL6051,Mitogen-activated protein kinase 1,Q5SC61,,
CHEMBL6056,Renin,Q9TSZ1,,
CHEMBL6097,Fatty acid desaturase 2,O95864,,
CHEMBL6099,Aryl hydrocarbon receptor,P30561,,
CHEMBL5645,Cysteinyl leukotriene receptor 1,Q2NNR5,,
CHEMBL5678,G protein-coupled receptor kinase 5,P34947,,
CHEMBL5682,Uridine-cytidine kinase 1,Q9HA47,,
CHEMBL6108,Polyamine oxidase,O64411,,
CHEMBL6144,G protein-coupled receptor kinase 6,P43250,,
CHEMBL6148,Eukaryotic translation initiation factor 4E,P63073,,
CHEMBL6177,NAD kinase,O95544,,
CHEMBL5634,Corticotropin releasing hormone receptor 2,B8Q4Z9,,
CHEMBL5636,Eukaryotic translation initiation factor 4E,P29338,,
CHEMBL1075042,Endo-beta-N-acetylglucosaminidase,Q9ZB22,,
CHEMBL1075048,Protoporphyrinogen oxidase,P32397,,
CHEMBL1075051,Dihydrofolate reductase,P00376,,
CHEMBL1075066,Sterol O-acyltransferase 1,Q60457,,
CHEMBL5983,Aldo-keto reductase family 1 member B10,O60218,,
CHEMBL6025,DNA polymerase theta,O75417,,
CHEMBL5840,Fatty acid desaturase 1,O60427,,
CHEMBL5879,Hematopoietic prostaglandin D synthase,O60760,,
CHEMBL5881,Insulin,P01308,,
CHEMBL5885,Potassium voltage-gated channel subfamily D member 2,Q9NZV8,,
CHEMBL5913,Leptin receptor,P48357,,
CHEMBL5914,Mitogen-activated protein kinase kinase kinase 2,Q9Y2U5,,
CHEMBL5951,Neuropeptide FF receptor 1,Q9GZQ6,,
CHEMBL5952,Neuropeptide FF receptor 2,Q9Y5X5,,
CHEMBL6113,Phosphoethanolamine/phosphocholine phosphatase,Q8TCT1,,
CHEMBL6120,Solute carrier family 22 member 12,Q96S37,,
CHEMBL1075269,Adenosine A3 receptor,Q61618,,
CHEMBL1075277,Cathepsin K,P55097,,
CHEMBL1075284,Diacylglycerol O-acyltransferase 1,Q9Z2A7,,
CHEMBL1075285,Diacylglycerol O-acyltransferase 2,Q9DCV3,,
CHEMBL1075291,G protein-coupled receptor 34,Q9R1K6,,
CHEMBL1075293,Epoxide hydrolase 1,Q9D379,,
CHEMBL1075294,Indoleamine 2,3-dioxygenase 1,P28776,
CHEMBL1075298,Purinergic receptor P2Y2,P35383,,
CHEMBL1075299,Plasminogen,P20918,,
CHEMBL1075305,Sphingosine kinase 2,Q9JIA7,,
CHEMBL1075306,Serine racemase,Q9QZX7,,
CHEMBL1075307,Tryptophan 2,3-dioxygenase,P48776,
CHEMBL1075310,Transient receptor potential cation channel subfamily A member 1,Q8BLA8,,
CHEMBL6065,Dihydrofolate reductase,P9WNX1,,
CHEMBL1075199,Glyceraldehyde-3-phosphate dehydrogenase,P46406,,
CHEMBL6074,Deoxyhypusine synthase,Q9GSW0,,
CHEMBL6076,Adenosylhomocysteinase,P50250,,
CHEMBL1075216,Catalase,P04762,,
CHEMBL1075217,Cathepsin S,Q02765,,
CHEMBL1075218,Cysteinyl leukotriene receptor 1,Q924T8,,
CHEMBL1075227,Potassium voltage-gated channel subfamily D member 2,Q63881,,
CHEMBL1075231,NADPH oxidase 1,Q9WV87,,
CHEMBL1075235,G protein-coupled receptor 34,Q6XCE7,,
CHEMBL1075238,Solute carrier family 22 member 5,O70594,,
CHEMBL1075239,Solute carrier family 22 member 12,Q3ZAV1,,
CHEMBL1075244,Thymidine phosphorylase,Q5FVR2,,
CHEMBL1075032,Adenosylhomocysteinase,O51933,,
CHEMBL5831,Farnesyl diphosphate synthase,Q197X6,,
CHEMBL1075138,Tyrosyl-DNA phosphodiesterase 1,Q9NUW8,,
CHEMBL1075150,Peroxisome proliferator activated receptor alpha,Q7TNH1,,
CHEMBL1075154,Sorbitol dehydrogenase,P07846,,
CHEMBL1075165,Phosphatidylinositol 3-kinase catalytic subunit type 3,Q8NEB9,,
CHEMBL1075181,Pyridoxal kinase,O00764,,
CHEMBL1075197,Sphingosine kinase 2,Q6AYB2,,
CHEMBL1075107,Sphingosine kinase 1,Q91V26,,
CHEMBL1075319,Transient receptor potential cation channel subfamily M member 8,Q7Z2W7,,
CHEMBL1163116,Cholesteryl ester transfer protein,P22687,,
CHEMBL1163123,Mitogen-activated protein kinase kinase kinase 6,O95382,,
CHEMBL1163124,Mitogen-activated protein kinase kinase kinase 13,O43283,,
CHEMBL1163127,Mitogen-activated protein kinase kinase kinase 15,Q6ZN16,,
CHEMBL1169594,Purine nucleoside phosphorylase,P9WP01,,
CHEMBL1250362,Huntingtin,P42859,,
CHEMBL1250375,NADPH oxidase 4,Q9NPH5,,
CHEMBL1250402,Transient receptor potential cation channel subfamily M member 2,O94759,,
CHEMBL1250412,Transient receptor potential cation channel subfamily M member 7,Q96QT4,,
CHEMBL1255146,Heme oxygenase 1,Q5E9F2,,
CHEMBL1275210,Stearoyl-CoA desaturase 5,Q86SK9,,
CHEMBL1275212,Ketohexokinase,P50053,,
CHEMBL1287628,NADPH oxidase 1,Q9Y5S8,,
CHEMBL1287631,Renin,Q6DLW5,,
CHEMBL1287632,Renin,Q7M3D2,,
CHEMBL1293229,Nuclear receptor subfamily 4 group A member 1,P22736,,
CHEMBL1293238,Inositol monophosphatase 1,P97697,,
CHEMBL1293301,Nuclear receptor coactivator 3,Q05BA5,,
CHEMBL1293320,Protein phosphatase methylesterase 1,Q9Y570,,
CHEMBL1615382,Nuclear receptor coactivator 3,Q9Y6Q9,,
CHEMBL1615387,Nuclear receptor coactivator 1,Q15788,,
CHEMBL1628461,Oxoeicosanoid receptor 1,Q8TDS5,,
CHEMBL1628465,Transient receptor potential cation channel subfamily V member 6,Q9H1D0,,
CHEMBL1628468,Transient receptor potential cation channel subfamily M member 5,Q9NZQ8,,
CHEMBL1628469,Transient receptor potential cation channel subfamily M member 4,Q8TD43,,
CHEMBL1628470,Transient receptor potential cation channel subfamily M member 6,Q9BX84,,
CHEMBL1628474,Transient receptor potential cation channel subfamily V member 5,Q9NQA5,,
CHEMBL1628481,Apelin receptor,P35414,,
CHEMBL1641347,Solute carrier family 22 member 6,Q4U2R8,,
CHEMBL1641348,Solute carrier family 22 member 8,Q8TCC7,,
CHEMBL1649050,Cholecystokinin,P06307,,
CHEMBL1667666,Sucrase-isomaltase,B5THE3,,
CHEMBL1667670,Signal transducer and activator of transcription 1,P42225,,
CHEMBL1681620,Dihydrofolate reductase,P0A017,,
CHEMBL1681626,Cathepsin C,Q864S1,,
CHEMBL1681627,Cathepsin E,P70269,,
CHEMBL1697668,Solute carrier organic anion transporter family member 1B1,Q9Y6L6,,
CHEMBL1697676,Carbonic anhydrase 2,Q3I4V7,,
CHEMBL1741203,Scavenger receptor class B member 1,Q61009,,
CHEMBL1743121,Solute carrier organic anion transporter family member 1B3,Q9NPD5,,
CHEMBL1743122,Solute carrier family 22 member 2,O15244,,
CHEMBL1743123,Solute carrier organic anion transporter family member 1A2,P46721,,
CHEMBL1743124,Solute carrier organic anion transporter family member 2B1,O94956,,
CHEMBL1743125,Solute carrier family 15 member 2,Q16348,,
CHEMBL1743183,Leukotriene C4 synthase,Q16873,,
CHEMBL1743244,Nuclear receptor subfamily 1 group I member 2,O54915,,
CHEMBL1744525,Nicotinamide phosphoribosyltransferase,P43490,,
CHEMBL1764933,Signal transducer and activator of transcription 3,P52631,,
CHEMBL1764935,Myelin basic protein,P04370,,
CHEMBL1764936,Ceramide kinase,Q8TCT0,,
CHEMBL1770032,Solute carrier family 22 member 2,Q9R0W2,,
CHEMBL1770033,Solute carrier family 22 member 3,O88446,,
CHEMBL1770041,5-hydroxytryptamine receptor 2C,Q60F97,,
CHEMBL1777665,Solute carrier family 22 member 6,O35956,,
CHEMBL1781864,Transient receptor potential cation channel subfamily V member 1,Q704Y3,,
CHEMBL1795091,Regulator of G-protein signaling 4,P49798,,
CHEMBL1795104,Endothelin receptor type A,A5A8K3,,
CHEMBL1795136,Fatty acid synthase,P12276,,
CHEMBL1795143,Poly(ADP-ribose) glycohydrolase,Q86W56,,
CHEMBL1795149,Arginase,Q8WPZ7,,
CHEMBL1795174,Mitogen-activated protein kinase 8,Q91Y86,,
CHEMBL1795180,Free fatty acid receptor 1,Q8K3T4,,
CHEMBL1795181,Thromboxane A2 receptor,P30987,,
CHEMBL1795183,D-aspartate oxidase,P31228,,
CHEMBL1795189,Fatty acid synthase,P19096,,
CHEMBL1908386,Dual serine/threonine and tyrosine protein kinase,Q6XUX3,,
CHEMBL1908389,Mitogen-activated protein kinase kinase kinase 12,Q12852,,
CHEMBL1909043,Leukotriene C4 synthase,A6XA80,,
CHEMBL1909044,Progesterone receptor,Q690N0,,
CHEMBL1909485,Glycogen synthase kinase 3 beta,B2LUN4,,
CHEMBL1914265,Tryptophan 2,3-dioxygenase,Q1LK00,
CHEMBL1914272,Scavenger receptor class B member 1,Q8WTV0,,
CHEMBL1926488,Protoporphyrinogen oxidase,P50336,,
CHEMBL1926497,NADPH oxidase 5,Q96PH1,,
CHEMBL1932912,Histone acetyltransferase KAT8,Q9H7Z6,,
CHEMBL1938215,Kinase suppressor of Ras 1,Q8IVT5,,
CHEMBL1938220,Inositol-tetrakisphosphate 1-kinase,Q13572,,
CHEMBL1944498,Carbonic anhydrase 3,Q3SZX4,,
CHEMBL1949484,Pyroglutamylated RFamide peptide receptor,P83858,,
CHEMBL1949486,Prokineticin receptor 1,Q9JKL1,,
CHEMBL1949492,Legumain,O89017,,
CHEMBL1955709,Heterogeneous nuclear ribonucleoprotein A1,P09651,,
CHEMBL1955711,Solute carrier family 22 member 7,Q9Y694,,
CHEMBL1961783,Nuclear receptor subfamily 1 group D member 1,P20393,,
CHEMBL2010624,Thioredoxin,P10599,,
CHEMBL2010627,Pirin,O00625,,
CHEMBL2016427,Oxytocin receptor,Q9R1L2,,
CHEMBL2021745,Hydroxyacid oxidase 2,Q07523,,
CHEMBL2021748,von Willebrand factor,P04275,,
CHEMBL2029197,Rap guanine nucleotide exchange factor 3,O95398,,
CHEMBL2029198,Rap guanine nucleotide exchange factor 4,Q8WZA2,,
CHEMBL2034797,Mitogen-activated protein kinase 9,Q9WTU6,,
CHEMBL2046261,Prostaglandin E synthase,Q9JM51,,
CHEMBL2046264,Renin,Q6DLS0,,
CHEMBL2069160,Cathepsin K,Q3ZKN1,,
CHEMBL2073662,Solute carrier family 22 member 2,O70577,,
CHEMBL2073664,Solute carrier family 22 member 1,O08966,,
CHEMBL2073665,Solute carrier family 22 member 5,Q9Z0E8,,
CHEMBL2073666,Solute carrier family 22 member 8,Q9R1U7,,
CHEMBL2073667,Solute carrier family 22 member 4,Q9R141,,
CHEMBL2073668,Solute carrier family 22 member 4,Q9H015,,
CHEMBL2073670,Solute carrier family 22 member 1,Q63089,,
CHEMBL2073671,Solute carrier family 22 member 7,Q5RLM2,,
CHEMBL2073672,Solute carrier family 22 member 8,O88909,,
CHEMBL2073673,Solute carrier family 22 member 3,O75751,,
CHEMBL2073677,Solute carrier family 22 member 11,Q9NSA0,,
CHEMBL2073678,Solute carrier family 15 member 2,Q9ES07,,
CHEMBL2073679,Solute carrier organic anion transporter family member 4A1,Q96BD0,,
CHEMBL2073680,Solute carrier organic anion transporter family member 2A1,Q00910,,
CHEMBL2073684,Solute carrier family 22 member 3,Q9WTW5,,
CHEMBL2073685,Solute carrier organic anion transporter family member 3A1,Q9UIG8,,
CHEMBL2073688,Solute carrier organic anion transporter family member 1C1,Q9ERB5,,
CHEMBL2073689,Solute carrier organic anion transporter family member 3A1,Q99N02,,
CHEMBL2073691,Solute carrier family 15 member 1,P51574,,
CHEMBL2073693,Solute carrier family 22 member 5,O76082,,
CHEMBL2073694,Solute carrier family 22 member 4,Q9Z306,,
CHEMBL2073697,Solute carrier organic anion transporter family member 1C1,Q9NYB5,,
CHEMBL2073698,Solute carrier organic anion transporter family member 2B1,Q9JHI3,,
CHEMBL2073699,Solute carrier organic anion transporter family member 2A1,Q9EPT5,,
CHEMBL2073701,Solute carrier organic anion transporter family member 4A1,Q99N01,,
CHEMBL2073703,Solute carrier organic anion transporter family member 2A1,Q92959,,
CHEMBL2073714,Solute carrier family 15 member 1,Q9JIP7,,
CHEMBL2073716,Solute carrier family 22 member 7,Q91WU2,,
CHEMBL2073721,Solute carrier family 22 member 9,Q8IVM8,,
CHEMBL2095160,Leukotriene B4 receptor,Q9NPC1,,
CHEMBL2095160,Leukotriene B4 receptor,Q15722,,
CHEMBL2111357,Calpain 1,P04632,,
CHEMBL2111357,Calpain 1,P07384,,
CHEMBL2146315,Nuclear receptor subfamily 1 group I member 2,Q9R1A7,,
CHEMBL2146354,Hydroxycarboxylic acid receptor 1,Q8C131,,
CHEMBL2150838,Succinate receptor 1,Q9BXA5,,
CHEMBL2150839,Succinate receptor 1,Q6IYF9,,
CHEMBL2169732,Hydroxyacid oxidase 2,Q9NYQ3,,
CHEMBL2169735,7-dehydrocholesterol reductase,Q9UBM7,,
CHEMBL2169736,Tyrosyl-DNA phosphodiesterase 2,O95551,,
CHEMBL2176769,Spermine oxidase,Q9NWM0,,
CHEMBL2176771,Complement factor D,P00746,,
CHEMBL2176832,Glyceraldehyde-3-phosphate dehydrogenase,P04797,,
CHEMBL2176855,C-type lectin domain family 4 member C,Q8WTT0,,
CHEMBL2176856,C-type lectin domain family 6 member A,Q6EIG7,,
CHEMBL2189128,Prolyl endopeptidase-like,Q4J6C6,,
CHEMBL2189138,Protein phosphatase methylesterase 1,Q8BVQ5,,
CHEMBL2189159,Indoleamine 2,3-dioxygenase 2,Q8R0V5,
CHEMBL2216746,Potassium voltage-gated channel subfamily H member 2,Q8WNY2,,
CHEMBL2227489,Catalase,P00432,,
CHEMBL2242730,Pyrroline-5-carboxylate reductase,P54904,,
CHEMBL2242740,4-hydroxyphenylpyruvate dioxygenase,P93836,,
CHEMBL2295561,Lactoperoxidase,P80025,,
CHEMBL2304402,Phosphodiesterase 5A,O77746,,
CHEMBL2304404,Adenosine A1 receptor,P47745,,
CHEMBL2321617,Potassium voltage-gated channel subfamily C member 1,P25122,,
CHEMBL2321630,Alpha-1,6-mannosyl-glycoprotein 2-beta-N-acetylglucosaminyltransferase,Q10469,
CHEMBL2321631,UDP-GlcNAc:betaGal beta-1,3-N-acetylglucosaminyltransferase 6,Q6ZMB0,
CHEMBL2331044,Myelin transcription factor 1,Q01538,,
CHEMBL2331046,Carbonic anhydrase 1,Q9V396,,
CHEMBL2331051,Palmitoyl-protein thioesterase 1,P50897,,
CHEMBL2346486,Nicotinamide N-methyltransferase,P40261,,
CHEMBL2346488,Proliferating cell nuclear antigen,P12004,,
CHEMBL2363009,Potassium voltage-gated channel subfamily C member 2,Q96PR1,,
CHEMBL2363049,Epidermal growth factor receptor,P04626,,
CHEMBL2363049,Epidermal growth factor receptor,P00533,,
CHEMBL2363049,Epidermal growth factor receptor,Q15303,,
CHEMBL2363049,Epidermal growth factor receptor,P21860,,
CHEMBL2364163,Complement C5,P01031,,
CHEMBL2364681,Microsomal triglyceride transfer protein,P55157,,
CHEMBL2364681,Microsomal triglyceride transfer protein,P07237,,
CHEMBL2366430,Glutathione synthetase,A0A1I7V6Q8,,
CHEMBL2366436,Protoporphyrinogen oxidase,G7L3C0,,
CHEMBL2375202,Lymphocyte antigen 96,Q9Y6Y9,,
CHEMBL2375203,Alpha-1,6-mannosyl-glycoprotein 2-beta-N-acetylglucosaminyltransferase,Q921V5,
CHEMBL2384895,Lymphocyte antigen 96,Q9JHF9,,
CHEMBL2401605,Sphingosine kinase 1,Q8CI15,,
CHEMBL2406892,Myoglobin,P02144,,
CHEMBL2429705,Potassium voltage-gated channel subfamily A member 1,P16388,,
CHEMBL2434817,Mitogen-activated protein kinase kinase kinase 11,Q80XI6,,
CHEMBL2439943,Huntingtin,P51111,,
CHEMBL3085616,Potassium voltage-gated channel subfamily H member 2,Q9TSZ3,,
CHEMBL3097984,Serine racemase,O59791,,
CHEMBL3108632,Transient receptor potential cation channel subfamily M member 8,Q8R4D5,,
CHEMBL3108635,Arginase,O96394,,
CHEMBL3108654,Telomerase reverse transcriptase,Q673L6,,
CHEMBL3108657,3-hydroxyanthranilate 3,4-dioxygenase,P46952,
CHEMBL3108658,3-hydroxyanthranilate 3,4-dioxygenase,P46953,
CHEMBL3112387,Glucokinase,P52792,,
CHEMBL3124737,DNA polymerase lambda,Q9QXE2,,
CHEMBL3227915,Indolethylamine N-methyltransferase,O97972,,
CHEMBL3232689,Cathepsin B,H9B8T9,,
CHEMBL3243907,Oxytocin receptor,P97926,,
CHEMBL3243908,Dihydrofolate reductase,C1JLF0,,
CHEMBL3243910,Acrosin,P08001,,
CHEMBL3243911,Histidine decarboxylase,P16453,,
CHEMBL3243913,Dihydrofolate reductase,P00380,,
CHEMBL3259473,Beta-secretase 1,P56819,,
CHEMBL3259474,Nicotinamide phosphoribosyltransferase,Q99KQ4,,
CHEMBL3259475,Nicotinamide phosphoribosyltransferase,Q80Z29,,
CHEMBL3259476,Arachidonate 15-lipoxygenase,P39654,,
CHEMBL3259484,Dipeptidyl peptidase 9,Q8BVG4,,
CHEMBL3271928,Progesterone receptor,Q28590,,
CHEMBL3271929,Deoxycytidine kinase,P48769,,
CHEMBL3286061,Sphingosine-1-phosphate lyase 1,O95470,,
CHEMBL3286062,Legumain,Q95M12,,
CHEMBL3286073,Interferon gamma,P01579,,
CHEMBL3297642,Beta-secretase 1,G3IAK4,,
CHEMBL3301469,Deoxyhypusine hydroxylase,Q8I701,,
CHEMBL3308901,Nuclear receptor subfamily 4 group A member 1,P12813,,
CHEMBL3308994,Glycogen synthase kinase 3 beta,Q9IBD2,,
CHEMBL3308999,Aurora kinase B,Q9VKN7,,
CHEMBL3309041,5-hydroxytryptamine receptor 2A,P50128,,
CHEMBL3309047,Free fatty acid receptor 2,Q8VCK6,,
CHEMBL3309048,Glyceraldehyde-3-phosphate dehydrogenase,P16858,,
CHEMBL3309049,Hematopoietic prostaglandin D synthase,Q9JHF7,,
CHEMBL3309051,Lipoprotein lipase,P11152,,
CHEMBL3309054,Phospholipase D1,Q9Z280,,
CHEMBL3309055,Phospholipase D2,P97813,,
CHEMBL3308939,Phospholipase D1,P70496,,
CHEMBL3308941,Cathepsin Z,Q9R1T3,,
CHEMBL3308974,Annexin A5,P81287,,
CHEMBL3309099,Free fatty acid receptor 4,Q2AC31,,
CHEMBL3309100,Free fatty acid receptor 2,Q76EI6,,
CHEMBL3309101,Free fatty acid receptor 3,Q3UFD7,,
CHEMBL3309115,Cathepsin H,A0A060INS8,,
CHEMBL3313837,Xanthine dehydrogenase,O54050,,
CHEMBL3317337,Poly(ADP-ribose) glycohydrolase,Q9QYM2,,
CHEMBL3321650,Lysophosphatidic acid receptor 4,Q8BLG2,,
CHEMBL3325307,Eukaryotic elongation factor 2 kinase,P70531,,
CHEMBL3329079,2'-deoxynucleoside 5'-phosphate N-hydrolase 1,O35820,,
CHEMBL3334418,Phosphoglycerate mutase 1,P18669,,
CHEMBL3341580,Prostaglandin E synthase 3,Q15185,,
CHEMBL3341581,Prostaglandin E synthase,A0SYQ0,,
CHEMBL3351187,Coagulation factor VII,P98139,,
CHEMBL3351218,2'-deoxynucleoside 5'-phosphate N-hydrolase 1,O43598,,
CHEMBL3390822,Interleukin 17A,Q16552,,
CHEMBL3392948,Solute carrier family 40 member 1,Q9NP59,,
CHEMBL3407314,LIM domain kinase 1,P53669,,
CHEMBL3407318,Kynurenine 3-monooxygenase,Q91WN4,,
CHEMBL3407326,Pantothenate kinase 1,Q8TE04,,
CHEMBL3407328,Pantothenate kinase 3,Q9H999,,
CHEMBL3414412,Endoplasmic reticulum aminopeptidase 1,Q9EQH2,,
CHEMBL3509583,Arylacetamide deacetylase,Q99PG0,,
CHEMBL3509584,Arylacetamide deacetylase,P22760,,
CHEMBL3509586,Arylacetamide deacetylase,Q9QZH8,,
CHEMBL3509594,Nuclear receptor subfamily 1 group I member 3,Q9QUS1,,
CHEMBL3509595,Solute carrier family 15 member 1,P36836,,
CHEMBL3559677,Glyceraldehyde-3-phosphate dehydrogenase,Q8T6B1,,
CHEMBL3559680,Sphingosine-1-phosphate receptor 1,W5VNF7,,
CHEMBL3559705,Taste receptor type 2 member 20,P59543,,
CHEMBL3559708,Transient receptor potential cation channel subfamily M member 3,Q9HCF6,,
CHEMBL3588737,Histone-lysine N-methyltransferase PRDM9,Q9NQV7,,
CHEMBL3588738,Histone-lysine N-methyltransferase, H3 lysine-36 and H4 lysine-20 specific,Q96L73,
CHEMBL3593151,Rap guanine nucleotide exchange factor 4,Q9EQZ6,,
CHEMBL3596079,Cysteinyl leukotriene receptor 2,Q2NNR4,,
CHEMBL3596085,Angiotensinogen,P01019,,
CHEMBL3616356,D-aspartate oxidase,D3ZDM7,,
CHEMBL3616357,D-aspartate oxidase,Q922Z0,,
CHEMBL3621025,Lysophosphatidic acid receptor 1,P61793,,
CHEMBL3627583,Kinase suppressor of Ras 2,Q6VAB6,,
CHEMBL3627587,Indoleamine 2,3-dioxygenase 2,Q6ZQW0,
CHEMBL3627588,Kynurenine 3-monooxygenase,P38169,,
CHEMBL3627594,Catalase,P04040,,
CHEMBL3638342,Prokineticin receptor 2,G3H407,,
CHEMBL3707463,NAD kinase,Q5HH78,,
CHEMBL3707466,5-hydroxytryptamine receptor 1B,P46636,,
CHEMBL3708691,5-hydroxytryptamine receptor 1B,P28334,,
CHEMBL3712878,Mesothelin,Q13421,,
CHEMBL3712885,Endoglin,P17813,,
CHEMBL3712931,Thymic stromal lymphopoietin,Q969D9,,
CHEMBL3712934,Trophoblast glycoprotein,Q13641,,
CHEMBL3712947,Solute carrier family 13 member 3,Q8WWT9,,
CHEMBL3713062,Tissue factor pathway inhibitor,P10646,,
CHEMBL3713355,Polypeptide N-acetylgalactosaminyltransferase 2,Q10471,,
CHEMBL3713712,Elastin,P15502,,
CHEMBL3714029,Lysyl oxidase homolog 2,Q9Y4K0,,
CHEMBL3714706,Transient receptor potential cation channel subfamily M member 7,Q923J1,,
CHEMBL3721302,G protein-coupled receptor kinase 5,Q8VEB1,,
CHEMBL3721309,Transient receptor potential cation channel subfamily M member 7,Q925B3,,
CHEMBL3751658,Purine nucleoside phosphorylase,P50389,,
CHEMBL3751659,Free fatty acid receptor 1,Q76JV1,,
CHEMBL3751660,Free fatty acid receptor 1,F1RM69,,
CHEMBL3769292,dCTP pyrophosphatase 1,Q9H773,,
CHEMBL3769293,Solute carrier family 13 member 5,Q86YT5,,
CHEMBL3769294,Solute carrier family 13 member 5,Q67BT3,,
CHEMBL3769295,Solute carrier family 13 member 5,Q8CJ44,,
CHEMBL3797017,Histone deacetylase 8,A5H660,,
CHEMBL3808269,Cysteinyl leukotriene receptor 1,Q99JA4,,
CHEMBL3813588,Tyrosyl-DNA phosphodiesterase 2,Q9JJX7,,
CHEMBL3813589,Tyrosyl-DNA phosphodiesterase 2,Q5XJA0,,
CHEMBL3826869,Sphingosine-1-phosphate lyase 1,Q8CHN6,,
CHEMBL3832946,Tankyrase,Q6PFX9,,
CHEMBL3832946,Tankyrase,Q3UES3,,
CHEMBL3832956,Spermidine synthase,Q6QA75,,
CHEMBL3879830,G protein-coupled receptor kinase 5,P43249,,
CHEMBL3879838,Transient receptor potential cation channel subfamily V member 3,Q8K424,,
CHEMBL3879839,Nuclear receptor subfamily 4 group A member 2,Q06219,,
CHEMBL3879850,Sterol O-acyltransferase 1,O77760,,
CHEMBL3879854,Sterol O-acyltransferase 2,O77759,,
CHEMBL3879862,Arachidonate 5-lipoxygenase,K7GQZ4,,
CHEMBL3886124,Transient receptor potential cation channel subfamily M member 5,Q9JJH7,,
CHEMBL3886125,Free fatty acid receptor 3,B2GV46,,
CHEMBL3987581,Spermidine synthase,Q4CXJ6,,
CHEMBL3988361,Transferrin receptor,P02786,,
CHEMBL3988361,Transferrin receptor,Q9UP52,,
CHEMBL3988592,ADAM metallopeptidase with thrombospondin type 1 motif 4,E2RFF5,,
CHEMBL3988594,Dihydrofolate reductase,J7IFZ2,,
CHEMBL3988609,Prokineticin receptor 1,G3HIE5,,
CHEMBL3988611,Cystic fibrosis transmembrane conductance regulator,G3H9J3,,
CHEMBL3988625,Kinesin family member 20B,A0A0D9R315,,
CHEMBL4105712,Poly(ADP-ribose) glycohydrolase,I6L8L7,,
CHEMBL4105728,Cyclic GMP-AMP synthase,Q8N884,,
CHEMBL4105729,Carbonic anhydrase 1,P00916,,
CHEMBL4105734,Coagulation factor IX,P16296,,
CHEMBL4105750,SRSF protein kinase 1,O70551,,
CHEMBL4105754,C-type lectin domain family 4 member E,Q9R0Q8,,
CHEMBL4105775,Meprin A subunit alpha,Q16819,,
CHEMBL4105778,Dipeptidyl peptidase 3,L8I2E6,,
CHEMBL4105787,Diacylglycerol kinase alpha,P23743,,
CHEMBL4105796,Atypical chemokine receptor 3,P56485,,
CHEMBL4105797,Opioid growth factor receptor,Q9NZT2,,
CHEMBL4105819,Adenine phosphoribosyltransferase,P07741,,
CHEMBL4105831,Lysyl oxidase homolog 2,P58022,,
CHEMBL4105836,Parathyroid hormone 2 receptor,P49190,,
CHEMBL4105840,Kynurenine 3-monooxygenase,Q84HF5,,
CHEMBL4105847,Adrenoceptor beta 3,F6XZF4,,
CHEMBL4105870,Vitamin K epoxide reductase complex subunit 1,Q6TEK4,,
CHEMBL4105879,Meprin A subunit beta,Q16820,,
CHEMBL4105881,4-hydroxyphenylpyruvate dioxygenase,O23920,,
CHEMBL4105898,C-type lectin domain family 4 member E,Q9ULY5,,
CHEMBL4105900,Glutaminyl-peptide cyclotransferase,Q9CYK2,,
CHEMBL4105906,Potassium voltage-gated channel subfamily A member 6,P17659,,
CHEMBL4105908,Lysyl oxidase homolog 2,B5DF27,,
CHEMBL4105910,Prostaglandin E receptor 4,Q9TU16,,
CHEMBL4105923,Ketohexokinase,Q02974,,
CHEMBL4105955,Carbonic anhydrase 1,P00917,,
CHEMBL4105967,Myocilin,Q99972,,
CHEMBL4105978,Potassium voltage-gated channel subfamily C member 1,P15388,,
CHEMBL4295535,Lysophosphatidic acid receptor 5,D4ADR1,,
CHEMBL4295538,Dipeptidyl peptidase 9,E1BI31,,
CHEMBL4295539,Transthyretin,E2R5U8,,
CHEMBL4295554,Glycogen synthase kinase 3 alpha,I6LNT8,,
CHEMBL4295555,Diacylglycerol O-acyltransferase 2,F1PRI9,,
CHEMBL4295610,Prostaglandin E synthase,Q6PWL6,,
CHEMBL4295634,Tyrosinase,B2ZB02,,
CHEMBL4295637,Mitogen-activated protein kinase kinase kinase 5,D3ZZH6,,
CHEMBL4295638,Transient receptor potential cation channel subfamily M member 2,E9PTA2,,
CHEMBL4295640,Kinesin family member 11,F1MAB8,,
CHEMBL4295666,Nicotinamide N-methyltransferase,O55239,,
CHEMBL4295701,Complement C2,P06681,,
CHEMBL4295743,Complement factor D,P32038,,
CHEMBL4295745,Cystathionine gamma-lyase,P32929,,
CHEMBL4295774,Vasodilator-stimulated phosphoprotein,P50552,,
CHEMBL4295835,Thiosulfate sulfurtransferase,Q16762,,
CHEMBL4295846,Ectonucleoside triphosphate diphosphohydrolase 8,Q5DRK1,,
CHEMBL4295847,Diacylglycerol O-acyltransferase 2,Q5FVP8,,
CHEMBL4295854,Mitogen-activated protein kinase kinase kinase 12,Q60700,,
CHEMBL4295856,Mitogen-activated protein kinase kinase kinase kinase 2,Q61161,,
CHEMBL4295862,Cathepsin L,Q6DMN0,,
CHEMBL4295872,Heparanase,Q6YGZ1,,
CHEMBL4295885,Tyrosinase,Q8AYA1,,
CHEMBL4295950,Arsenite methyltransferase,Q9HBK9,,
CHEMBL4296308,Rhodopsin,P08100,,
CHEMBL4296314,Dihydrofolate reductase,Q54801,,
CHEMBL4523115,Aldehyde oxidase 1,H9TB17,,
CHEMBL4523131,Hematopoietic prostaglandin D synthase,O35543,,
CHEMBL4523142,Tissue factor pathway inhibitor,O54819,,
CHEMBL4523146,UDP-glucose 6-dehydrogenase,O70199,,
CHEMBL4523154,Carboxypeptidase D,O75976,,
CHEMBL4523177,UDP-glucose 6-dehydrogenase,P0C0F4,,
CHEMBL4523192,Histidine decarboxylase,P19113,,
CHEMBL4523195,Diacylglycerol kinase alpha,P20192,,
CHEMBL4523225,Signal transducer and activator of transcription 5B,P42232,,
CHEMBL4523230,Utrophin,P46939,,
CHEMBL4523237,Diacylglycerol kinase alpha,P51556,,
CHEMBL4523276,Fibroblast growth factor receptor 1,Q04589,,
CHEMBL4523278,Nuclear receptor subfamily 4 group A member 2,Q07917,,
CHEMBL4523282,Polypeptide N-acetylgalactosaminyltransferase 1,Q10472,,
CHEMBL4523290,Guanidinoacetate N-methyltransferase,Q14353,,
CHEMBL4523291,Polypeptide N-acetylgalactosaminyltransferase 3,Q14435,,
CHEMBL4523295,Glycine N-methyltransferase,Q14749,,
CHEMBL4523296,Signal transducer and activator of transcription 4,Q14765,,
CHEMBL4523367,Inositol hexakisphosphate kinase 2,Q80V72,,
CHEMBL4523370,Adenosine deaminase,Q86GS5,,
CHEMBL4523381,Tyrosyl-DNA phosphodiesterase 1,Q8BJ37,,
CHEMBL4523383,Cyclic GMP-AMP synthase,Q8C6L5,,
CHEMBL4523389,Purine nucleoside phosphorylase,Q8I3X4,,
CHEMBL4523392,Polypeptide N-acetylgalactosaminyltransferase 13,Q8IUC8,,
CHEMBL4523395,Diacylglycerol O-acyltransferase 1,Q8MK44,,
CHEMBL4523400,Polypeptide N-acetylgalactosaminyltransferase 6,Q8NCL4,,
CHEMBL4523401,Inositol polyphosphate multikinase,Q8NFU5,,
CHEMBL4523409,Transient receptor potential cation channel subfamily C member 5,Q8VD38,,
CHEMBL4523416,Neuropeptide FF receptor 2,Q924H0,,
CHEMBL4523418,Inositol hexakisphosphate kinase 1,Q92551,,
CHEMBL4523423,Mitochondrial amidoxime reducing component 2,Q969Z3,,
CHEMBL4523427,Polypeptide N-acetylgalactosaminyltransferase 14,Q96FL9,,
CHEMBL4523431,Inositol hexakisphosphate kinase 3,Q96PC2,,
CHEMBL4523441,Deoxyhypusine hydroxylase,Q9BU89,,
CHEMBL4523442,N-terminal Xaa-Pro-Lys N-methyltransferase 1,Q9BV86,,
CHEMBL4523447,Phosphoglycerate mutase 1,Q9DBJ1,,
CHEMBL4523451,Indoleamine 2,3-dioxygenase 1,Q9ERD9,
CHEMBL4523452,Mitogen-activated protein kinase kinase kinase 20,Q9ESL4,,
CHEMBL4523462,Solute carrier family 40 member 1,Q9JHI9,,
CHEMBL4523464,Lysophosphatidic acid receptor 2,Q9JL06,,
CHEMBL4523488,Inositol hexakisphosphate kinase 2,Q9UHH9,,
CHEMBL4523495,Cytosolic carboxypeptidase 1,Q9UPW5,,
CHEMBL4523496,Exonuclease 1,Q9UQ84,,
CHEMBL4523498,Transient receptor potential cation channel subfamily V member 2,Q9WTR1,,
CHEMBL4523500,Mitogen-activated protein kinase kinase kinase 14,Q9WUL6,,
CHEMBL4523513,Aryl hydrocarbon receptor,Q9YGV3,,
CHEMBL4523888,Adhesion G protein-coupled receptor F5,Q8IZF2,,
CHEMBL4523909,Adhesion G protein-coupled receptor A2,Q96PE1,,
CHEMBL4630808,Complement factor B,P04186,,
CHEMBL4630846,Adenosine deaminase,Q920P6,,
CHEMBL4630850,Phospholipase A and acyltransferase 5,Q96KN8,,
CHEMBL4630860,Phospholipase A and acyltransferase 2,Q9NWW9,,
CHEMBL4630864,Phospholipase A and acyltransferase 4,Q9UL19,,
CHEMBL4630879,Hepatitis A virus cellular receptor 2,Q8TDQ0,,
CHEMBL4680036,Terminal nucleotidyltransferase 4B,Q8NDF8,,
CHEMBL4680037,Cystathionine gamma-lyase,Q8VCN5,,
CHEMBL4739666,Histone deacetylase 6,F8W336,,
CHEMBL4739671,Atypical chemokine receptor 3,O89039,,
CHEMBL4739676,Atypical chemokine receptor 3,P11613,,
CHEMBL4739681,Ectonucleoside triphosphate diphosphohydrolase 1,P55772,,
CHEMBL4739842,Formyl peptide receptor 2,O88536,,
CHEMBL4739861,Succinate receptor 1,Q99MT6,,
CHEMBL4802008,Fibroblast growth factor receptor 4,Q498D6,,
CHEMBL4802062,Vanin 1,Q4KLZ0,,
CHEMBL4802066,Biotinidase,P43251,,
